UTC,Lat,Long,Alt,ECEF_X,ECEF_Y,ECEF_Z,ax,ay,az,gx,gy,gz,magx,magy,magz
0,,,,,,,,,,,,,,,
00:46:01.600,37.4268074,-122.17276001,30.9,-2700372.5,-4292643.0,3855135.0,-1.097,-0.4455,-8.9375,0.1175,0.35150000000000003,-0.08449999999999999,-674.5,-907.5,-1138.5
00:46:01.700,37.4268074,-122.17276001,30.8,-2700372.5,-4292643.0,3855135.0,-1.2005,-0.10649999999999998,-10.2735,0.1355,0.201,-0.011000000000000003,-703.0,-899.5,-1130.0
00:46:01.800,37.4268074,-122.17276001,30.8,-2700372.5,-4292643.0,3855135.0,-0.47450000000000003,0.9550000000000001,-9.939499999999999,0.1555,0.5375000000000001,0.083,-746.0,-901.0,-1110.0
00:46:01.900,37.4268074,-122.17276001,30.8,-2700372.5,-4292643.0,3855135.0,0.2255,0.3855,-9.5315,0.371,0.2055,0.11149999999999999,-794.5,-914.5,-1078.5
00:46:02.000,37.4268074,-122.17276001,30.7,-2700372.5,-4292643.0,3855135.0,-0.4455,-0.542,-9.34,0.3605,0.076,0.1225,-798.5,-946.5,-1064.5
00:46:02.100,37.4268074,-122.17276001,30.7,-2700372.5,-4292643.0,3855135.0,-0.0765,-0.158,-9.619,0.1155,0.0735,0.0465,-798.0,-963.0,-1050.5
00:46:02.200,37.4268074,-122.17276001,30.6,-2700372.25,-4292643.0,3855135.0,-0.093,-0.4155,-9.6485,0.16799999999999998,0.054,0.045,-804.5,-960.5,-1048.0
00:46:02.300,37.4268074,-122.17276001,30.6,-2700372.25,-4292643.0,3855135.0,0.48,-0.3865,-9.7865,0.17149999999999999,0.186,0.097,-802.0,-966.0,-1043.0
00:46:02.400,37.42681122,-122.17276001,30.5,-2700372.25,-4292643.0,3855135.0,0.7075,0.065,-10.181000000000001,0.2305,0.533,0.0675,-839.5,-974.5,-1023.5
00:46:02.500,37.42681122,-122.17276001,30.4,-2700372.25,-4292642.5,3855134.75,1.0070000000000001,0.6975,-7.715,0.23099999999999998,0.692,-0.311,-908.5,-980.5,-965.5
00:46:02.600,37.42681122,-122.17276001,30.3,-2700372.25,-4292642.5,3855134.75,0.6165,0.07050000000000001,-9.543,-0.098,-0.056,-0.13,-947.0,-949.5,-963.5
00:46:02.700,37.42681122,-122.17276001,30.2,-2700372.25,-4292642.5,3855134.75,1.288,0.33499999999999996,-9.2895,-0.14300000000000002,-0.3435,-0.0965,-921.0,-920.0,-985.5
00:46:02.800,37.42681122,-122.17276001,30.2,-2700372.25,-4292642.5,3855134.75,1.1085,0.7875,-9.808,-0.071,-0.332,-0.006500000000000002,-885.0,-883.0,-1023.0
00:46:02.900,37.42681122,-122.17276001,30.2,-2700372.25,-4292642.5,3855134.75,0.742,0.8105,-10.1455,0.145,-0.10999999999999999,0.0455,-864.5,-877.0,-1044.5
00:46:03.000,37.42681122,-122.17276001,30.1,-2700372.25,-4292642.5,3855134.75,0.6875,0.4995,-9.868,0.16949999999999998,-0.061,0.0415,-853.5,-884.0,-1054.5
00:46:03.100,37.42681122,-122.17276001,30.0,-2700372.25,-4292642.5,3855134.75,0.6545000000000001,0.516,-9.82,0.176,-0.03,-0.003000000000000001,-844.5,-878.0,-1051.0
00:46:03.200,37.42681122,-122.17276001,30.0,-2700372.0,-4292642.5,3855134.75,0.583,0.6875,-9.7035,0.197,0.025500000000000002,-0.0185,-838.0,-881.5,-1051.0
00:46:03.300,37.42681122,-122.17276001,29.9,-2700372.0,-4292642.5,3855134.75,0.7005,0.6585000000000001,-9.5245,0.251,-0.0225,-0.057499999999999996,-848.5,-877.0,-1054.5
00:46:03.400,37.42681122,-122.17276001,29.7,-2700372.0,-4292642.0,3855134.5,0.6165,0.5805,-9.4735,0.22599999999999998,-0.126,0.0085,-842.0,-893.5,-1048.0
00:46:03.500,37.42681122,-122.17276001,29.7,-2700372.0,-4292642.0,3855134.5,0.4425,0.377,-10.028,0.216,-0.044500000000000005,-0.0325,-839.5,-896.0,-1057.0
00:46:03.600,37.42681122,-122.17276001,29.6,-2700372.0,-4292642.0,3855134.5,0.494,0.5445,-9.7255,0.20350000000000001,0.041,-0.024,-828.5,-897.0,-1052.0
00:46:03.700,37.42681122,-122.17276001,29.6,-2700371.75,-4292642.0,3855134.5,0.7084999999999999,0.41800000000000004,-9.506,0.199,-0.05499999999999999,-0.019000000000000003,-830.5,-896.0,-1049.5
00:46:03.800,37.42681122,-122.17276001,29.6,-2700371.75,-4292642.0,3855134.5,0.9384999999999999,1.0365,-9.6595,0.157,-0.141,0.07250000000000001,-827.0,-903.5,-1054.5
00:46:03.900,37.42681122,-122.17276001,29.5,-2700371.75,-4292642.0,3855134.5,-0.011999999999999983,0.099,-10.16,0.243,0.1215,0.1975,-812.0,-921.0,-1064.5
00:46:04.000,37.42681122,-122.17276001,29.6,-2700371.75,-4292642.0,3855134.5,0.478,-0.005999999999999998,-9.571,0.418,-0.16649999999999998,0.011499999999999996,-799.5,-941.5,-1050.5
00:46:04.100,37.42681122,-122.17276001,29.5,-2700371.75,-4292642.0,3855134.5,0.0015000000000000005,-0.225,-9.1905,0.40349999999999997,-0.11449999999999999,-0.066,-778.5,-990.5,-1052.0
00:46:04.200,37.42681122,-122.17276001,29.6,-2700371.75,-4292642.0,3855134.5,0.44999999999999996,0.605,-10.064,-0.0805,0.1755,-0.073,-790.5,-968.0,-1042.0
00:46:04.300,37.42681122,-122.17276001,29.5,-2700371.75,-4292642.0,3855134.5,0.41800000000000004,-0.0105,-9.613,-0.0034999999999999996,0.08700000000000001,-0.07300000000000001,-806.0,-944.0,-1039.5
00:46:04.400,37.42681122,-122.17276001,29.5,-2700371.75,-4292642.0,3855134.5,0.5315,0.20950000000000002,-9.6645,0.20500000000000002,-0.08399999999999999,0.0335,-808.0,-957.0,-1052.0
00:46:04.500,37.42681122,-122.17276001,29.4,-2700371.75,-4292642.0,3855134.5,0.25,0.25,-9.7645,0.20900000000000002,-0.07250000000000001,-0.0655,-791.5,-936.0,-1052.0
00:46:04.600,37.42681122,-122.17276001,29.4,-2700371.75,-4292642.0,3855134.5,0.34850000000000003,0.14600000000000002,-9.483,0.1585,-0.034,-0.039,-784.5,-942.5,-1051.0
00:46:04.700,37.42681122,-122.17276001,29.4,-2700371.75,-4292642.0,3855134.5,0.19999999999999998,0.29300000000000004,-9.432,-0.081,-0.14650000000000002,-0.0015000000000000005,-793.0,-935.5,-1064.5
00:46:04.800,37.42681122,-122.17276001,29.4,-2700371.75,-4292642.0,3855134.5,0.061000000000000006,0.6115,-9.1965,-0.5235000000000001,-0.16299999999999998,-0.0475,-758.5,-880.5,-1102.0
00:46:04.900,37.42681122,-122.17276001,29.3,-2700371.75,-4292642.0,3855134.25,0.157,2.2735000000000003,-8.7675,-1.1775,0.053,-0.036,-753.5,-761.5,-1128.5
00:46:05.000,37.42681122,-122.17276001,29.3,-2700371.75,-4292642.0,3855134.25,-0.073,3.5324999999999998,-8.805,-1.374,0.009500000000000001,-0.1975,-759.5,-605.5,-1167.5
00:46:05.100,37.42681122,-122.17276001,29.3,-2700371.75,-4292642.0,3855134.25,-0.4115,4.7165,-7.846,-1.9170000000000003,-0.0755,-0.29200000000000004,-766.0,-397.0,-1172.0
00:46:05.200,37.42681122,-122.17276001,29.2,-2700371.75,-4292642.0,3855134.25,-0.3025,7.3774999999999995,-7.0855,-2.2119999999999997,-0.095,-0.21450000000000002,-759.5,-117.5,-1147.0
00:46:05.300,37.42681122,-122.17276764,29.2,-2700371.75,-4292642.0,3855134.25,-0.4115,8.587,-5.71,-1.779,-0.40249999999999997,-0.141,-737.0,126.0,-1057.0
00:46:05.400,37.42681122,-122.17276764,29.2,-2700371.75,-4292642.0,3855134.25,-0.5175000000000001,8.905000000000001,-3.9240000000000004,-1.577,-0.577,0.04,-706.5,310.5,-978.0
00:46:05.500,37.42681122,-122.17276764,29.2,-2700371.75,-4292641.5,3855134.25,-0.7815,9.561499999999999,-2.6265,-1.467,-0.316,0.0855,-688.0,474.0,-841.0
00:46:05.600,37.42681122,-122.17276764,29.2,-2700372.0,-4292641.5,3855134.25,-1.0215,10.052,-1.3984999999999999,-1.02,-0.1215,0.09,-696.0,576.5,-716.0
00:46:05.700,37.42681122,-122.17276764,29.2,-2700372.0,-4292641.5,3855134.25,-0.869,10.111,-0.21900000000000003,-0.451,0.0435,0.1095,-715.0,637.0,-633.0
00:46:05.800,37.42681122,-122.17276764,29.2,-2700372.0,-4292641.5,3855134.25,-0.6825,9.722999999999999,0.5589999999999999,-0.1775,0.157,0.14150000000000001,-747.5,646.0,-572.0
00:46:05.900,37.42681122,-122.17276764,29.1,-2700372.0,-4292641.5,3855134.25,-0.637,9.5805,0.881,-0.0665,0.2475,0.049,-764.5,654.5,-547.5
00:46:06.000,37.42681122,-122.17276764,29.2,-2700372.0,-4292641.5,3855134.25,-0.4265,9.682500000000001,1.076,0.129,0.123,0.024,-790.0,654.5,-517.0
00:46:06.200,37.42681122,-122.17276764,29.2,-2700372.25,-4292641.5,3855134.25,-0.436,9.750499999999999,1.1205,0.21000000000000002,0.064,-0.0055,-793.5,648.5,-508.5
00:46:06.300,37.42681122,-122.17276764,29.3,-2700372.25,-4292641.5,3855134.25,-0.4955,9.7285,1.0525,0.2075,0.002999999999999999,-0.028999999999999998,-795.5,658.0,-507.5
00:46:06.400,37.42681122,-122.17276764,29.3,-2700372.25,-4292641.5,3855134.25,-0.4566666666666667,9.766666666666667,0.9803333333333333,0.19166666666666665,-0.005999999999999999,-0.007333333333333333,-799.6666666666666,652.3333333333334,-510.6666666666667
00:46:06.500,37.42681122,-122.17276764,29.2,-2700372.25,-4292641.5,3855134.25,-0.44399999999999995,9.7275,1.0015,0.218,-0.0025000000000000005,-0.0175,-792.0,648.0,-513.5
00:46:06.600,37.42681122,-122.17276764,29.1,-2700372.25,-4292641.5,3855134.25,-0.4405,9.804,0.93,0.183,0.0025000000000000005,-0.028499999999999998,-794.0,654.5,-518.5
00:46:06.700,37.42681122,-122.17276764,29.2,-2700372.25,-4292641.5,3855134.25,-0.395,9.784,0.8045,0.203,0.013,-0.0485,-795.5,644.5,-513.5
00:46:06.800,37.42681122,-122.17276764,29.2,-2700372.25,-4292641.5,3855134.25,-0.419,9.8235,0.863,0.2155,0.0135,-0.0205,-780.0,648.0,-520.0
00:46:06.900,37.42681122,-122.17276764,29.2,-2700372.25,-4292641.5,3855134.25,-0.401,9.838999999999999,0.9385,0.182,0.0135,-0.0215,-786.5,654.5,-520.0
00:46:07.000,37.42681122,-122.17276764,29.1,-2700372.25,-4292641.5,3855134.25,-0.41300000000000003,9.731,0.717,0.1935,0.006500000000000001,-0.0045000000000000005,-793.5,648.0,-527.5
00:46:07.100,37.42681122,-122.17276764,29.1,-2700372.25,-4292641.5,3855134.25,-0.5665,9.7955,0.8405,0.1945,0.0365,-0.0445,-794.5,638.0,-532.5
00:46:07.200,37.42681122,-122.17276764,29.1,-2700372.25,-4292641.5,3855134.25,-0.546,9.903500000000001,0.6655,0.20650000000000002,-0.013500000000000002,-0.049,-797.0,638.5,-528.5
00:46:07.300,37.42681122,-122.17276764,29.0,-2700372.25,-4292641.5,3855134.0,-0.2585,9.8435,0.846,0.21100000000000002,-0.019,-0.028,-782.0,653.0,-536.0
00:46:07.400,37.42681122,-122.17276764,29.0,-2700372.25,-4292641.5,3855134.0,-0.401,9.8065,0.8035,0.127,0.026999999999999996,0.0465,-790.5,647.0,-530.0
00:46:07.500,37.42681122,-122.17276764,28.95,-2700372.25,-4292641.5,3855134.0,-0.542,9.713000000000001,0.734,0.1835,-0.022,-0.042,-790.0,639.5,-536.0
00:46:07.600,37.42681122,-122.17276764,28.85,-2700372.25,-4292641.25,3855134.0,-0.3845,9.7645,0.5660000000000001,0.188,-0.033,-0.0305,-781.0,631.5,-533.5
00:46:07.700,37.42681122,-122.17277527,28.8,-2700372.25,-4292641.0,3855134.0,-0.4645,9.799,0.8300000000000001,0.157,0.006999999999999999,0.0005,-794.5,649.5,-526.0
00:46:07.800,37.42681122,-122.17277527,28.75,-2700372.25,-4292641.0,3855134.0,-0.3785,9.802,0.728,0.166,-0.0009999999999999992,-0.025,-790.0,642.0,-526.0
00:46:07.900,37.42681122,-122.17277527,28.7,-2700372.25,-4292641.0,3855134.0,-0.455,9.780000000000001,0.656,0.16699999999999998,0.0275,-0.008,-793.0,652.0,-528.5
00:46:08.000,37.42681122,-122.17277527,28.633333333333336,-2700372.25,-4292641.0,3855133.8333333335,-0.3586666666666667,9.784333333333334,0.782,0.159,0.016,0.0,-794.3333333333334,644.0,-519.0
00:46:08.100,37.42681122,-122.17277527,28.6,-2700372.25,-4292641.0,3855133.75,-0.383,9.874,0.895,0.171,0.009,-0.038,-793.0,636.0,-527.0
00:46:08.200,37.42681122,-122.17277527,28.5,-2700372.25,-4292641.0,3855133.75,-0.3615,9.748000000000001,0.674,0.189,0.0135,-0.014,-799.5,639.5,-518.5
00:46:08.300,37.42681122,-122.17277527,28.5,-2700372.25,-4292641.0,3855133.75,-0.39849999999999997,9.692499999999999,0.85,0.16999999999999998,0.028999999999999998,-0.01,-800.5,648.0,-508.5
00:46:08.400,37.42681122,-122.17277527,28.5,-2700372.25,-4292641.0,3855133.75,-0.38749999999999996,9.795,0.869,0.1795,0.010499999999999999,-0.0625,-796.0,637.0,-517.0
00:46:08.500,37.42681122,-122.17277527,28.45,-2700372.25,-4292641.0,3855133.75,-0.436,9.8835,0.5435000000000001,0.276,0.024,-0.062,-785.5,653.0,-516.0
00:46:08.600,37.42681122,-122.17277527,28.4,-2700372.25,-4292641.0,3855133.75,-0.376,10.0905,-0.3185,0.7130000000000001,0.11699999999999999,0.023,-782.5,625.0,-547.0
00:46:08.700,37.42681122,-122.17277527,28.4,-2700372.25,-4292641.0,3855133.75,-0.5589999999999999,9.9285,-1.4175,1.665,0.4315,0.07600000000000001,-813.0,565.0,-630.5
00:46:08.800,37.42681122,-122.17277527,28.35,-2700372.25,-4292641.0,3855133.625,-0.548,9.351500000000001,-1.476,1.734,0.35,-0.089,-814.5,457.5,-767.5
00:46:08.900,37.42681122,-122.17277527,28.3,-2700372.25,-4292641.0,3855133.5,-0.3865,9.4895,-3.8905,1.49,0.148,-0.08,-828.5,370.0,-867.0
00:46:09.000,37.42681122,-122.17277527,28.233333333333334,-2700372.25,-4292640.5,3855133.5,0.361,8.869666666666667,-5.690333333333332,2.162333333333333,0.5226666666666667,0.3263333333333333,-874.3333333333334,162.33333333333334,-971.3333333333334
00:46:09.100,37.42681122,-122.17277527,28.2,-2700372.25,-4292640.5,3855133.5,0.553,7.003,-6.318,2.527,0.049,0.529,-907.0,-82.0,-1056.0
00:46:09.200,37.42681122,-122.17277527,28.1,-2700372.25,-4292640.5,3855133.5,0.457,5.807,-7.6495,2.3855,-0.011499999999999996,0.38849999999999996,-912.5,-292.0,-1091.0
00:46:09.300,37.42681122,-122.17277527,28.1,-2700372.25,-4292640.5,3855133.5,0.8354999999999999,3.7030000000000003,-8.099499999999999,1.685,0.0285,0.2345,-896.0,-521.5,-1098.0
00:46:09.400,37.42681122,-122.17277527,28.0,-2700372.25,-4292640.5,3855133.5,1.21,2.7365000000000004,-9.0415,1.199,-0.0585,0.07350000000000001,-903.5,-647.0,-1083.0
00:46:09.500,37.42681122,-122.17277527,27.9,-2700372.25,-4292640.5,3855133.25,0.7135,1.301,-9.19,0.9315,-0.3155,0.0245,-867.5,-756.0,-1089.5
00:46:09.600,37.42681122,-122.17277527,27.9,-2700372.25,-4292640.5,3855133.25,0.372,1.101,-9.292000000000002,0.4285,-0.0365,-0.0020000000000000018,-847.0,-808.5,-1082.0
00:46:09.700,37.42681122,-122.17277527,27.8,-2700372.25,-4292640.5,3855133.25,0.5874999999999999,1.1635,-9.571,0.35250000000000004,-0.114,-0.139,-845.5,-831.5,-1074.5
00:46:09.800,37.42681122,-122.17277527,27.9,-2700372.25,-4292640.5,3855133.25,0.51,0.8454999999999999,-9.869,0.086,-0.1815,-0.089,-825.5,-834.0,-1083.0
00:46:09.900,37.4268074,-122.17277527,27.8,-2700372.25,-4292640.5,3855133.25,0.3305,1.065,-10.0975,0.1115,0.0285,-0.07050000000000001,-819.5,-811.0,-1093.5
00:46:10.000,37.42681122,-122.17277527,27.6,-2700372.0,-4292640.0,3855133.25,0.4325,1.178,-9.557500000000001,0.20650000000000002,0.1335,-0.014499999999999999,-819.5,-802.0,-1083.0
00:46:10.100,37.42681122,-122.17277527,27.55,-2700372.0,-4292640.0,3855133.25,0.4635,1.0785,-9.439,0.2375,-0.0010000000000000009,-0.0565,-834.5,-823.5,-1083.5
00:46:10.200,37.42681122,-122.17277527,27.5,-2700372.0,-4292640.0,3855133.25,0.4595,1.1025,-9.661999999999999,0.206,-0.005000000000000001,-0.052,-835.5,-817.5,-1069.5
00:46:10.300,37.42681122,-122.17277527,27.5,-2700372.0,-4292640.0,3855133.25,0.5665,0.893,-9.773,0.26149999999999995,-0.011000000000000001,-0.0235,-831.0,-820.0,-1086.0
00:46:10.400,37.42681122,-122.17277527,27.4,-2700372.0,-4292640.0,3855133.0,0.491,0.8440000000000001,-9.75,0.3175,0.0335,0.01,-832.0,-839.5,-1069.5
00:46:10.500,37.42681122,-122.17277527,27.3,-2700372.0,-4292640.0,3855133.0,0.554,0.7865,-9.718,0.311,0.0385,0.0205,-841.0,-855.5,-1066.0
00:46:10.600,37.42681122,-122.17277527,27.3,-2700372.0,-4292640.0,3855133.0,0.5795,0.6645000000000001,-9.458,0.22,-0.012,-0.0005000000000000004,-839.5,-866.0,-1053.0
00:46:10.700,37.42681122,-122.17277527,27.2,-2700371.75,-4292640.0,3855133.0,0.5425,0.4395,-9.625499999999999,0.212,-0.0685,-0.036000000000000004,-827.0,-863.5,-1056.0
00:46:10.800,37.42681122,-122.17277527,27.2,-2700371.75,-4292640.0,3855133.0,0.505,0.5025,-9.664,0.192,-0.103,-0.036,-822.0,-863.0,-1064.5
00:46:10.900,37.42681122,-122.17277527,27.1,-2700371.75,-4292640.0,3855133.0,0.327,0.441,-9.850000000000001,0.2915,-0.14100000000000001,-0.07100000000000001,-819.5,-877.0,-1068.0
00:46:11.000,37.42681122,-122.17277527,27.100000000000005,-2700371.75,-4292640.0,3855133.0,0.3233333333333333,0.26666666666666666,-10.097,0.5363333333333333,-0.064,-0.06,-808.0,-894.0,-1069.6666666666667
00:46:11.100,37.42681122,-122.17277527,27.0,-2700371.75,-4292640.0,3855133.0,0.515,-0.373,-10.147,0.942,0.146,-0.123,-816.0,-943.0,-1036.0
00:46:11.200,37.42681122,-122.17277527,27.0,-2700371.75,-4292640.0,3855133.0,0.5005000000000001,-0.7005,-10.253499999999999,1.2730000000000001,0.328,-0.151,-828.0,-1006.5,-982.0
00:46:11.300,37.42681122,-122.17277527,26.9,-2700371.75,-4292639.5,3855133.0,1.165,-2.121,-9.638000000000002,1.6585,0.076,-0.0135,-865.0,-1118.5,-894.5
00:46:11.400,37.42681122,-122.17277527,26.9,-2700371.75,-4292639.5,3855133.0,0.359,-3.6835,-8.571000000000002,1.6945000000000001,0.044,0.074,-866.5,-1237.5,-784.0
00:46:11.500,37.42681122,-122.17277527,26.9,-2700371.75,-4292639.5,3855133.0,0.7065,-4.910500000000001,-8.033,1.5895000000000001,-0.067,0.11399999999999999,-857.0,-1350.5,-656.5
00:46:11.600,37.42681122,-122.17277527,26.8,-2700371.75,-4292639.5,3855132.75,0.383,-5.9030000000000005,-7.063000000000001,1.3605,0.0955,0.082,-857.0,-1423.5,-530.0
00:46:11.700,37.42681122,-122.17277527,26.8,-2700371.75,-4292639.5,3855132.75,0.566,-7.008,-7.031499999999999,1.189,0.2405,-0.0185,-875.0,-1474.5,-413.5
00:46:11.800,37.42681122,-122.17277527,26.8,-2700371.75,-4292639.5,3855132.75,0.6715,-7.448,-5.9495000000000005,1.2160000000000002,0.0325,-0.013999999999999999,-879.5,-1499.0,-305.0
00:46:11.900,37.42681122,-122.17277527,26.7,-2700371.75,-4292639.5,3855132.75,0.6114999999999999,-8.107,-5.015,1.3225,-0.1385,0.018500000000000003,-883.5,-1521.5,-192.0
00:46:12.000,37.42681122,-122.17277527,26.6,-2700371.5,-4292639.5,3855132.75,0.645,-8.7805,-4.0785,1.194,0.011500000000000002,0.1075,-880.0,-1537.0,-72.0
00:46:12.100,37.42681122,-122.17277527,26.6,-2700371.5,-4292639.5,3855132.75,0.558,-9.1555,-3.3194999999999997,0.9944999999999999,0.011000000000000003,0.07250000000000001,-883.5,-1536.0,25.0
00:46:12.200,37.42681122,-122.17277527,26.6,-2700371.5,-4292639.5,3855132.75,0.15699999999999997,-9.426,-2.435,0.744,-0.036000000000000004,0.0155,-870.5,-1532.0,92.0
00:46:12.300,37.42681122,-122.17277527,26.5,-2700371.5,-4292639.5,3855132.75,0.3375,-9.335,-2.1029999999999998,0.5954999999999999,0.038,0.0235,-880.0,-1526.0,156.5
00:46:12.400,37.42681122,-122.17277527,26.5,-2700371.5,-4292639.5,3855132.75,0.1495,-9.4895,-1.7445,0.543,-0.018,0.04,-874.5,-1512.5,195.0
00:46:12.500,37.42681122,-122.17277527,26.5,-2700371.5,-4292639.5,3855132.75,0.126,-9.432,-1.1360000000000001,0.5135000000000001,-0.0305,0.076,-878.5,-1512.5,234.5
00:46:12.600,37.42681122,-122.17277527,26.5,-2700371.5,-4292639.5,3855132.75,0.17350000000000002,-9.564,-1.4405,0.3745,-0.0765,0.0565,-867.0,-1510.0,248.5
00:46:12.700,37.42681122,-122.17277527,26.4,-2700371.5,-4292639.5,3855132.75,0.151,-9.791,-1.0855000000000001,0.3095,-0.063,0.028,-874.5,-1514.0,267.0
00:46:12.800,37.42681122,-122.17277527,26.4,-2700371.5,-4292639.5,3855132.75,-0.018999999999999996,-9.759,-0.825,0.269,-0.017,0.0205,-873.5,-1515.0,277.0
00:46:12.900,37.42681122,-122.17277527,26.3,-2700371.5,-4292639.5,3855132.5,0.023000000000000003,-9.748000000000001,-1.0055,0.2155,0.007000000000000001,-0.024,-867.5,-1505.0,296.0
00:46:13.000,37.42681122,-122.17277527,26.3,-2700371.25,-4292639.5,3855132.5,0.055,-9.7035,-0.8165,0.224,0.0045000000000000005,-0.034,-862.0,-1504.0,299.5
00:46:13.200,37.42681122,-122.17277527,26.3,-2700371.25,-4292639.5,3855132.5,0.07666666666666666,-9.711666666666666,-0.7453333333333334,0.19333333333333333,-0.002333333333333333,-0.03266666666666667,-873.0,-1501.3333333333333,295.3333333333333
00:46:13.300,37.42681122,-122.17277527,26.3,-2700371.25,-4292639.5,3855132.75,0.0525,-9.761,-0.815,0.1975,-0.007,-0.0265,-873.5,-1499.5,298.5
00:46:13.400,37.42681503,-122.17277527,26.3,-2700371.25,-4292639.5,3855132.75,0.1255,-9.706,-0.7205,0.195,0.0035,-0.036,-868.5,-1489.5,298.5
00:46:13.500,37.42681122,-122.17277527,26.3,-2700371.0,-4292639.5,3855132.75,0.066,-9.7935,-0.6819999999999999,0.194,-0.0105,-0.0025,-873.5,-1499.5,306.0
00:46:13.600,37.42681122,-122.17277527,26.2,-2700371.0,-4292639.5,3855132.5,0.10400000000000001,-9.76,-0.7495,0.20500000000000002,0.0055000000000000005,-0.026000000000000002,-877.0,-1502.0,304.5
00:46:13.700,37.42681122,-122.17276764,26.2,-2700371.0,-4292639.5,3855132.5,0.0945,-9.772,-0.6525000000000001,0.2185,-0.001,-0.020999999999999998,-876.0,-1501.0,313.5
00:46:13.800,37.42681122,-122.17277527,26.133333333333336,-2700371.0,-4292639.5,3855132.5,0.013000000000000003,-9.794666666666666,-0.517,0.19833333333333333,0.00033333333333333365,-0.027333333333333334,-873.0,-1493.3333333333333,315.0
00:46:13.900,37.42681122,-122.17277527,26.1,-2700371.0,-4292639.5,3855132.5,0.127,-9.7445,-0.5255000000000001,0.1745,0.0055000000000000005,-0.055,-877.0,-1492.0,318.0
00:46:14.000,37.42681122,-122.17277527,26.0,-2700371.0,-4292639.0,3855132.5,0.194,-9.7795,-0.6485,0.21300000000000002,0.006,-0.05,-881.0,-1491.0,317.5
00:46:14.100,37.42681122,-122.17277527,25.9,-2700371.0,-4292639.0,3855132.5,0.133,-9.742,-0.4935,0.2135,0.0015,-0.062,-886.0,-1484.5,322.0
00:46:14.200,37.42681122,-122.17277527,25.9,-2700371.0,-4292639.0,3855132.5,0.243,-9.7285,-0.3735,0.1955,0.0025,-0.037,-887.0,-1479.5,329.5
00:46:14.300,37.42681122,-122.17277527,25.8,-2700371.0,-4292639.0,3855132.25,0.244,-9.7825,-0.46699999999999997,0.20350000000000001,-0.052000000000000005,0.0,-884.5,-1481.0,343.5
00:46:14.400,37.42681122,-122.17277527,25.8,-2700371.0,-4292639.0,3855132.25,0.159,-9.797,-0.48000000000000004,0.213,-0.02,-0.009000000000000001,-882.5,-1473.0,338.0
00:46:14.500,37.42681122,-122.17277527,25.7,-2700371.0,-4292639.0,3855132.25,0.212,-9.822,-0.444,0.20950000000000002,0.0005000000000000004,-0.0325,-891.0,-1477.0,329.5
00:46:14.600,37.42681122,-122.17277527,25.7,-2700371.0,-4292639.0,3855132.25,0.218,-9.735,-0.46099999999999997,0.174,-0.009999999999999998,-0.0505,-891.0,-1477.0,338.5
00:46:14.700,37.42681122,-122.17277527,25.6,-2700371.0,-4292639.0,3855132.25,0.242,-9.7585,-0.36050000000000004,0.2125,-0.009,-0.025,-890.0,-1471.0,340.5
00:46:14.800,37.42681122,-122.17277527,25.6,-2700371.0,-4292639.0,3855132.25,0.23349999999999999,-9.756499999999999,-0.3315,0.2005,0.003,-0.028,-893.5,-1472.0,348.5
00:46:14.900,37.42681122,-122.17277527,25.5,-2700370.75,-4292639.0,3855132.25,0.22849999999999998,-9.777999999999999,-0.3005,0.1935,-0.0055,-0.032,-899.5,-1467.0,341.0
00:46:15.000,37.42681122,-122.17277527,25.5,-2700370.75,-4292639.0,3855132.25,0.20350000000000001,-9.7945,-0.16899999999999998,0.21300000000000002,-0.023,-0.026000000000000002,-899.5,-1474.5,340.5
00:46:15.100,37.42681122,-122.17277527,25.4,-2700370.75,-4292638.5,3855132.0,0.25,-9.7575,-0.176,0.2355,-0.016,-0.044,-902.0,-1463.0,352.0
00:46:15.200,37.42681122,-122.17277527,25.3,-2700370.75,-4292638.5,3855132.0,0.32899999999999996,-9.7695,-0.1115,0.194,-0.009000000000000001,-0.0345,-907.0,-1461.0,353.5
00:46:15.300,37.42681122,-122.17277527,25.3,-2700370.75,-4292638.5,3855132.0,0.2875,-9.726500000000001,-0.1685,0.16649999999999998,-0.022,-0.006500000000000001,-907.0,-1465.5,354.5
00:46:15.400,37.42681122,-122.17277527,25.2,-2700370.75,-4292638.5,3855132.0,0.30400000000000005,-9.714500000000001,-0.0815,0.11049999999999999,0.0165,-0.04,-908.5,-1469.5,344.5
00:46:15.500,37.42681122,-122.17276764,25.1,-2700370.5,-4292638.5,3855132.0,0.22599999999999998,-9.682,0.010500000000000002,-0.206,0.0305,-0.0895,-907.0,-1474.5,327.0
00:46:15.600,37.42681122,-122.17276764,25.0,-2700370.5,-4292638.5,3855131.75,0.358,-9.676,-0.6739999999999999,-0.5609999999999999,-0.056499999999999995,-0.1215,-907.5,-1486.0,277.0
00:46:15.700,37.42681122,-122.17276764,25.0,-2700370.5,-4292638.5,3855131.75,0.4635,-9.3815,-1.4165,-0.8235,-0.16749999999999998,-0.1175,-899.5,-1510.5,179.0
00:46:15.800,37.42681122,-122.17276764,25.0,-2700370.5,-4292638.5,3855131.75,0.5115000000000001,-9.227,-2.77,-1.1960000000000002,-0.2825,-0.0825,-916.0,-1521.0,26.0
00:46:15.900,37.42681122,-122.17276764,24.8,-2700370.5,-4292638.5,3855131.75,0.5795,-8.376,-4.6845,-1.665,-0.384,-0.0915,-903.5,-1527.5,-164.0
00:46:16.000,37.42681122,-122.17276764,24.8,-2700370.5,-4292638.5,3855131.75,0.3225,-7.434,-6.4215,-1.858,-0.3055,-0.093,-890.0,-1485.5,-393.5
00:46:16.100,37.42681122,-122.17276764,24.7,-2700370.25,-4292638.5,3855131.75,0.005999999999999978,-5.787,-7.660500000000001,-2.0065,-0.3265,-0.089,-865.5,-1393.0,-619.0
00:46:16.200,37.42681122,-122.17276764,24.7,-2700370.25,-4292638.5,3855131.75,-0.4215,-3.9455,-8.684000000000001,-1.9105,-0.40049999999999997,-0.025,-834.5,-1244.0,-829.0
00:46:16.300,37.42681122,-122.17276764,24.7,-2700370.25,-4292638.5,3855131.75,-0.4955,-2.316,-10.003,-1.4865,-0.08800000000000001,0.156,-799.5,-1090.0,-973.0
00:46:16.400,37.42681122,-122.17276764,24.6,-2700370.25,-4292638.5,3855131.5,-0.503,-1.19,-9.985,-0.9279999999999999,-0.033,0.155,-775.0,-963.5,-1050.5
00:46:16.500,37.42681122,-122.17276764,24.5,-2700370.25,-4292638.0,3855131.5,-0.42000000000000004,-0.535,-9.828,-0.49849999999999994,0.0965,0.151,-781.0,-884.0,-1093.5
00:46:16.600,37.42681122,-122.17276764,24.5,-2700370.25,-4292638.5,3855131.5,-0.38549999999999995,0.04650000000000001,-9.7635,-0.1025,0.0465,0.081,-779.5,-847.0,-1107.0
00:46:16.700,37.42681122,-122.17276764,24.3,-2700370.25,-4292638.0,3855131.5,-0.257,0.3555,-9.809000000000001,0.1835,-0.05399999999999999,0.019,-773.5,-833.0,-1110.0
00:46:16.800,37.42681122,-122.17276764,24.2,-2700370.25,-4292638.0,3855131.5,-0.4335,0.3025,-9.553,0.2665,-0.056,0.067,-776.0,-852.0,-1111.0
00:46:16.900,37.42681122,-122.17277527,24.2,-2700370.25,-4292638.0,3855131.5,-0.7435,0.255,-9.742,0.2355,-0.0685,0.0265,-754.5,-862.0,-1115.0
00:46:17.000,37.42681122,-122.17277527,24.1,-2700370.25,-4292638.0,3855131.25,-0.6405000000000001,0.2085,-9.6665,0.16749999999999998,0.021500000000000002,0.0045,-758.5,-866.0,-1110.0
00:46:17.100,37.42681503,-122.17277527,24.1,-2700370.25,-4292638.0,3855131.5,-0.39349999999999996,0.17350000000000002,-9.6785,0.2095,-0.0155,-0.033,-756.0,-860.5,-1113.5
00:46:17.200,37.42681503,-122.17277527,24.1,-2700370.25,-4292638.0,3855131.5,-0.6425000000000001,0.013,-9.777000000000001,0.2535,-0.0445,0.006,-752.0,-867.0,-1105.5
00:46:17.300,37.42681503,-122.17277527,24.0,-2700370.25,-4292637.5,3855131.25,-0.946,0.093,-9.5435,0.222,-0.038,-0.0095,-747.5,-866.0,-1098.5
00:46:17.400,37.42681503,-122.17277527,23.9,-2700370.25,-4292637.5,3855131.25,-1.093,-0.1185,-9.305,0.2025,0.028,-0.008,-748.5,-881.0,-1106.0
00:46:17.500,37.42681503,-122.17277527,23.8,-2700370.5,-4292637.5,3855131.25,-1.5514999999999999,-0.20350000000000001,-9.129999999999999,0.412,0.0655,0.10350000000000001,-751.0,-897.5,-1104.5
00:46:17.600,37.42681503,-122.17277527,23.7,-2700370.5,-4292637.5,3855131.25,-1.013,-0.35550000000000004,-9.0105,0.2355,-0.165,0.0825,-743.5,-923.5,-1088.5
00:46:17.700,37.42681503,-122.17277527,23.6,-2700370.5,-4292637.0,3855131.0,-1.0215,-0.5455,-10.746500000000001,0.098,0.11050000000000001,0.09899999999999999,-725.0,-917.0,-1092.0
00:46:17.800,37.42681503,-122.1727829,23.6,-2700370.5,-4292637.0,3855131.0,-1.0545,-1.2389999999999999,-10.119,0.152,0.896,0.105,-780.0,-924.5,-1068.5
00:46:17.900,37.42681503,-122.1727829,23.6,-2700370.5,-4292637.0,3855131.0,0.7769999999999999,-0.831,-8.7425,-0.019000000000000003,0.9815,-0.1745,-880.5,-921.0,-1008.0
00:46:18.000,37.42681503,-122.1727829,23.5,-2700370.75,-4292637.0,3855131.0,3.8914999999999997,1.705,-8.991499999999998,-0.311,-0.20800000000000002,-0.35400000000000004,-954.5,-865.5,-983.5
00:46:18.100,37.42681503,-122.1727829,23.4,-2700370.75,-4292637.0,3855131.0,1.287,0.9530000000000001,-10.499500000000001,-0.07700000000000001,-0.6875,-0.155,-913.5,-805.0,-1038.5
00:46:18.200,37.42681503,-122.1727829,23.5,-2700370.75,-4292637.0,3855131.0,0.292,0.8069999999999999,-10.338000000000001,0.0695,0.0545,0.0445,-883.5,-780.5,-1074.5
00:46:18.300,37.42681503,-122.1727829,23.5,-2700370.75,-4292637.0,3855131.0,0.9135,1.3455,-9.246,0.0575,-0.041499999999999995,0.21100000000000002,-872.0,-783.0,-1072.0
00:46:18.400,37.42681503,-122.1727829,23.5,-2700370.75,-4292637.0,3855131.0,0.7935,1.9025,-9.779,0.124,-0.040999999999999995,0.397,-862.0,-798.5,-1088.5
00:46:18.500,37.42681503,-122.1727829,23.6,-2700371.0,-4292637.0,3855131.0,0.918,1.4809999999999999,-9.903500000000001,0.241,0.009999999999999998,0.378,-843.5,-836.5,-1069.5
00:46:18.600,37.42681503,-122.1727829,23.6,-2700371.0,-4292637.0,3855131.0,1.221,1.343,-9.852,0.039,0.183,0.214,-813.0,-833.0,-1071.0
00:46:18.700,37.42681503,-122.1727829,23.65,-2700371.0,-4292637.0,3855131.125,1.2235,1.5565,-10.0915,-0.16549999999999998,0.1235,0.095,-824.5,-838.0,-1075.5
00:46:18.800,37.42681503,-122.17279053,23.65,-2700371.125,-4292637.0,3855131.125,1.342,1.6015000000000001,-10.122499999999999,-0.0305,0.4135,-0.1365,-859.0,-820.0,-1083.0
00:46:18.900,37.42681503,-122.17279053,23.6,-2700371.25,-4292637.0,3855131.0,1.968,1.398,-9.014,0.213,0.393,-0.271,-892.0,-792.0,-1051.0
